user_id,hash
554,367711485
555,2512630876
556,2706520030
557,3845379804
558,2645071566
559,3587864574
560,340932045
561,2776782586
562,3853835947
563,3302645720
564,4112012254
565,1968346972
566,1469796110
567,3850392792
568,2595911406
569,3343337215
570,3851457756
571,1950389470
572,46568639
573,1199747807
574,1193314026
575,4019244055
576,1967863548
577,1927214479
578,1689435375
579,3971675390
580,1630703104
581,2902103640
582,3835352814
583,268523476
584,3170596830
585,1893496028
586,3578304206
587,3026763733
588,1434639741
589,4154086876
590,4287698606
591,1125119963
592,3333959405
593,4256261371
594,4239457983
595,3465049311
596,3697284333
597,3236488952
598,2157163220
599,3030414075
600,3884615645
601,3889747710
602,3934516958
603,3583678428
604,1980397302
605,3885007836
606,743083910
607,3063870681
608,4120434140
609,3294290396
610,2851320965
611,2794913375
612,336139733
613,649520443
614,4124759772
615,583513784
616,1191790555
617,1141538012
618,1951233240
619,1922006222
620,3303781852
621,3720360700
622,3600520653
623,350155839
624,1423488988
625,4079985883
626,268523476
627,3847982686
628,125883646
629,1129312987
630,4121098218
631,810170090
632,1691539150
633,1640936722
634,3837327358
635,3318466232
636,2793599614
637,3331902477
638,76232447
639,3349083738
640,4124727260
641,883471614
642,4279430095
643,3682734831
644,3033716702
645,3343021770
646,3298841342
647,4257765372
648,2760529662
649,1050116658
650,3836910766
651,2244710399
652,2431166206
653,3771344603
654,1959098330
655,852407358
656,3168417514
657,1972414173
658,3481502381
